URL Tracking,2024-10-04 11:28:39,http://127.0.0.1:5000/archive
SQLMap,2024-10-04 11:28:42,"        ___
       __H__
 ___ ___[)]_____ ___ ___  {1.8.9.1#dev}
|_ -| . [']     | .'| . |
|___|_  [,]_|_|_|__,|  _|
      |_|V...       |_|   https://sqlmap.org

[!] legal disclaimer: Usage of sqlmap for attacking targets without prior mutual consent is illegal. It is the end user's responsibility to obey all applicable local, state and federal laws. Developers assume no liability and are not responsible for any misuse or damage caused by this program

[*] starting @ 11:28:40 /2024-10-04/

[11:28:40] [WARNING] using 'C:\Users\udgir\OneDrive\Documents\GitHub\ISRO-UserBehaviourAnalysis\sqlmap_results' as the output directory
[11:28:41] [WARNING] you've provided target URL without any GET parameters (e.g. 'http://www.site.com/article.php?id=1') and without providing any POST parameters through option '--data'
do you want to try URI injections in the target URL itself? [Y/n/q] Y
[11:28:41] [INFO] testing connection to the target URL
[11:28:41] [INFO] testing if the target URL content is stable
[11:28:41] [INFO] target URL content is stable
[11:28:41] [INFO] testing if URI parameter '#1*' is dynamic
[11:28:41] [WARNING] URI parameter '#1*' does not appear to be dynamic
[11:28:41] [WARNING] heuristic (basic) test shows that URI parameter '#1*' might not be injectable
[11:28:41] [INFO] testing for SQL injection on URI parameter '#1*'
[11:28:41] [INFO] testing 'AND boolean-based blind - WHERE or HAVING clause'
[11:28:42] [INFO] testing 'Boolean-based blind - Parameter replace (original value)'
[11:28:42] [INFO] testing 'MySQL >= 5.1 AND error-based - WHERE, HAVING, ORDER BY or GROUP BY clause (EXTRACTVALUE)'
[11:28:42] [INFO] testing 'PostgreSQL AND error-based - WHERE or HAVING clause'
[11:28:42] [INFO] testing 'Microsoft SQL Server/Sybase AND error-based - WHERE or HAVING clause (IN)'
[11:28:42] [INFO] testing 'Oracle AND error-based - WHERE or HAVING clause (XMLType)'
[11:28:42] [INFO] testing 'Generic inline queries'
[11:28:42] [INFO] testing 'PostgreSQL > 8.1 stacked queries (comment)'
[11:28:42] [INFO] testing 'Microsoft SQL Server/Sybase stacked queries (comment)'
[11:28:42] [INFO] testing 'Oracle stacked queries (DBMS_PIPE.RECEIVE_MESSAGE - comment)'
[11:28:42] [INFO] testing 'MySQL >= 5.0.12 AND time-based blind (query SLEEP)'
[11:28:42] [INFO] testing 'PostgreSQL > 8.1 AND time-based blind'
[11:28:42] [INFO] testing 'Microsoft SQL Server/Sybase time-based blind (IF)'
[11:28:42] [INFO] testing 'Oracle AND time-based blind'
it is recommended to perform only basic UNION tests if there is not at least one other (potential) technique found. Do you want to reduce the number of requests? [Y/n] Y
[11:28:42] [INFO] testing 'Generic UNION query (NULL) - 1 to 10 columns'
[11:28:42] [WARNING] URI parameter '#1*' does not seem to be injectable
[11:28:42] [CRITICAL] all tested parameters do not appear to be injectable. Try to increase values for '--level'/'--risk' options if you wish to perform more tests. If you suspect that there is some kind of protection mechanism involved (e.g. WAF) maybe you could try to use option '--tamper' (e.g. '--tamper=space2comment') and/or switch '--random-agent'
[11:28:42] [WARNING] HTTP error codes detected during run:
404 (Not Found) - 73 times

[*] ending @ 11:28:42 /2024-10-04/

"
URL Tracking,2024-10-04 11:38:49,http://127.0.0.1:5000/archive
SQLMap,2024-10-04 11:38:53,"        ___
       __H__
 ___ ___[""]_____ ___ ___  {1.8.9.1#dev}
|_ -| . [.]     | .'| . |
|___|_  [,]_|_|_|__,|  _|
      |_|V...       |_|   https://sqlmap.org

[!] legal disclaimer: Usage of sqlmap for attacking targets without prior mutual consent is illegal. It is the end user's responsibility to obey all applicable local, state and federal laws. Developers assume no liability and are not responsible for any misuse or damage caused by this program

[*] starting @ 11:38:51 /2024-10-04/

[11:38:51] [WARNING] using 'C:\Users\udgir\OneDrive\Documents\GitHub\ISRO-UserBehaviourAnalysis\sqlmap_results' as the output directory
[11:38:51] [WARNING] you've provided target URL without any GET parameters (e.g. 'http://www.site.com/article.php?id=1') and without providing any POST parameters through option '--data'
do you want to try URI injections in the target URL itself? [Y/n/q] Y
[11:38:51] [INFO] testing connection to the target URL
[11:38:52] [INFO] testing if the target URL content is stable
[11:38:52] [INFO] target URL content is stable
[11:38:52] [INFO] testing if URI parameter '#1*' is dynamic
[11:38:52] [WARNING] URI parameter '#1*' does not appear to be dynamic
[11:38:52] [WARNING] heuristic (basic) test shows that URI parameter '#1*' might not be injectable
[11:38:52] [INFO] testing for SQL injection on URI parameter '#1*'
[11:38:52] [INFO] testing 'AND boolean-based blind - WHERE or HAVING clause'
[11:38:52] [INFO] testing 'Boolean-based blind - Parameter replace (original value)'
[11:38:52] [INFO] testing 'MySQL >= 5.1 AND error-based - WHERE, HAVING, ORDER BY or GROUP BY clause (EXTRACTVALUE)'
[11:38:52] [INFO] testing 'PostgreSQL AND error-based - WHERE or HAVING clause'
[11:38:52] [INFO] testing 'Microsoft SQL Server/Sybase AND error-based - WHERE or HAVING clause (IN)'
[11:38:52] [INFO] testing 'Oracle AND error-based - WHERE or HAVING clause (XMLType)'
[11:38:52] [INFO] testing 'Generic inline queries'
[11:38:52] [INFO] testing 'PostgreSQL > 8.1 stacked queries (comment)'
[11:38:52] [INFO] testing 'Microsoft SQL Server/Sybase stacked queries (comment)'
[11:38:52] [INFO] testing 'Oracle stacked queries (DBMS_PIPE.RECEIVE_MESSAGE - comment)'
[11:38:52] [INFO] testing 'MySQL >= 5.0.12 AND time-based blind (query SLEEP)'
[11:38:52] [INFO] testing 'PostgreSQL > 8.1 AND time-based blind'
[11:38:53] [INFO] testing 'Microsoft SQL Server/Sybase time-based blind (IF)'
[11:38:53] [INFO] testing 'Oracle AND time-based blind'
it is recommended to perform only basic UNION tests if there is not at least one other (potential) technique found. Do you want to reduce the number of requests? [Y/n] Y
[11:38:53] [INFO] testing 'Generic UNION query (NULL) - 1 to 10 columns'
[11:38:53] [WARNING] URI parameter '#1*' does not seem to be injectable
[11:38:53] [CRITICAL] all tested parameters do not appear to be injectable. Try to increase values for '--level'/'--risk' options if you wish to perform more tests. If you suspect that there is some kind of protection mechanism involved (e.g. WAF) maybe you could try to use option '--tamper' (e.g. '--tamper=space2comment') and/or switch '--random-agent'
[11:38:53] [WARNING] HTTP error codes detected during run:
404 (Not Found) - 73 times

[*] ending @ 11:38:53 /2024-10-04/

"
URL Tracking,2024-10-04 11:45:29,http://127.0.0.1:5000/archive
SQLMap,2024-10-04 11:45:33,"        ___
       __H__
 ___ ___[""]_____ ___ ___  {1.8.9.1#dev}
|_ -| . [)]     | .'| . |
|___|_  [(]_|_|_|__,|  _|
      |_|V...       |_|   https://sqlmap.org

[!] legal disclaimer: Usage of sqlmap for attacking targets without prior mutual consent is illegal. It is the end user's responsibility to obey all applicable local, state and federal laws. Developers assume no liability and are not responsible for any misuse or damage caused by this program

[*] starting @ 11:45:31 /2024-10-04/

[11:45:31] [WARNING] using 'C:\Users\udgir\OneDrive\Documents\GitHub\ISRO-UserBehaviourAnalysis\sqlmap_results' as the output directory
[11:45:31] [WARNING] you've provided target URL without any GET parameters (e.g. 'http://www.site.com/article.php?id=1') and without providing any POST parameters through option '--data'
do you want to try URI injections in the target URL itself? [Y/n/q] Y
[11:45:31] [INFO] testing connection to the target URL
[11:45:31] [INFO] testing if the target URL content is stable
[11:45:32] [INFO] target URL content is stable
[11:45:32] [INFO] testing if URI parameter '#1*' is dynamic
[11:45:32] [WARNING] URI parameter '#1*' does not appear to be dynamic
[11:45:32] [WARNING] heuristic (basic) test shows that URI parameter '#1*' might not be injectable
[11:45:32] [INFO] testing for SQL injection on URI parameter '#1*'
[11:45:32] [INFO] testing 'AND boolean-based blind - WHERE or HAVING clause'
[11:45:32] [INFO] testing 'Boolean-based blind - Parameter replace (original value)'
[11:45:32] [INFO] testing 'MySQL >= 5.1 AND error-based - WHERE, HAVING, ORDER BY or GROUP BY clause (EXTRACTVALUE)'
[11:45:32] [INFO] testing 'PostgreSQL AND error-based - WHERE or HAVING clause'
[11:45:32] [INFO] testing 'Microsoft SQL Server/Sybase AND error-based - WHERE or HAVING clause (IN)'
[11:45:32] [INFO] testing 'Oracle AND error-based - WHERE or HAVING clause (XMLType)'
[11:45:32] [INFO] testing 'Generic inline queries'
[11:45:32] [INFO] testing 'PostgreSQL > 8.1 stacked queries (comment)'
[11:45:32] [INFO] testing 'Microsoft SQL Server/Sybase stacked queries (comment)'
[11:45:32] [INFO] testing 'Oracle stacked queries (DBMS_PIPE.RECEIVE_MESSAGE - comment)'
[11:45:32] [INFO] testing 'MySQL >= 5.0.12 AND time-based blind (query SLEEP)'
[11:45:32] [INFO] testing 'PostgreSQL > 8.1 AND time-based blind'
[11:45:32] [INFO] testing 'Microsoft SQL Server/Sybase time-based blind (IF)'
[11:45:32] [INFO] testing 'Oracle AND time-based blind'
it is recommended to perform only basic UNION tests if there is not at least one other (potential) technique found. Do you want to reduce the number of requests? [Y/n] Y
[11:45:32] [INFO] testing 'Generic UNION query (NULL) - 1 to 10 columns'
[11:45:33] [WARNING] URI parameter '#1*' does not seem to be injectable
[11:45:33] [CRITICAL] all tested parameters do not appear to be injectable. Try to increase values for '--level'/'--risk' options if you wish to perform more tests. If you suspect that there is some kind of protection mechanism involved (e.g. WAF) maybe you could try to use option '--tamper' (e.g. '--tamper=space2comment') and/or switch '--random-agent'
[11:45:33] [WARNING] HTTP error codes detected during run:
404 (Not Found) - 73 times

[*] ending @ 11:45:33 /2024-10-04/

"
URL Tracking,2024-10-04 11:47:33,http://127.0.0.1:5000/archive
SQLMap,2024-10-04 11:47:36,"        ___
       __H__
 ___ ___[,]_____ ___ ___  {1.8.9.1#dev}
|_ -| . [)]     | .'| . |
|___|_  [""]_|_|_|__,|  _|
      |_|V...       |_|   https://sqlmap.org

[!] legal disclaimer: Usage of sqlmap for attacking targets without prior mutual consent is illegal. It is the end user's responsibility to obey all applicable local, state and federal laws. Developers assume no liability and are not responsible for any misuse or damage caused by this program

[*] starting @ 11:47:34 /2024-10-04/

[11:47:34] [WARNING] using 'C:\Users\udgir\OneDrive\Documents\GitHub\ISRO-UserBehaviourAnalysis\sqlmap_results' as the output directory
[11:47:35] [WARNING] you've provided target URL without any GET parameters (e.g. 'http://www.site.com/article.php?id=1') and without providing any POST parameters through option '--data'
do you want to try URI injections in the target URL itself? [Y/n/q] Y
[11:47:35] [INFO] testing connection to the target URL
[11:47:35] [INFO] testing if the target URL content is stable
[11:47:35] [INFO] target URL content is stable
[11:47:35] [INFO] testing if URI parameter '#1*' is dynamic
[11:47:35] [WARNING] URI parameter '#1*' does not appear to be dynamic
[11:47:35] [WARNING] heuristic (basic) test shows that URI parameter '#1*' might not be injectable
[11:47:35] [INFO] testing for SQL injection on URI parameter '#1*'
[11:47:35] [INFO] testing 'AND boolean-based blind - WHERE or HAVING clause'
[11:47:35] [INFO] testing 'Boolean-based blind - Parameter replace (original value)'
[11:47:35] [INFO] testing 'MySQL >= 5.1 AND error-based - WHERE, HAVING, ORDER BY or GROUP BY clause (EXTRACTVALUE)'
[11:47:35] [INFO] testing 'PostgreSQL AND error-based - WHERE or HAVING clause'
[11:47:35] [INFO] testing 'Microsoft SQL Server/Sybase AND error-based - WHERE or HAVING clause (IN)'
[11:47:35] [INFO] testing 'Oracle AND error-based - WHERE or HAVING clause (XMLType)'
[11:47:36] [INFO] testing 'Generic inline queries'
[11:47:36] [INFO] testing 'PostgreSQL > 8.1 stacked queries (comment)'
[11:47:36] [INFO] testing 'Microsoft SQL Server/Sybase stacked queries (comment)'
[11:47:36] [INFO] testing 'Oracle stacked queries (DBMS_PIPE.RECEIVE_MESSAGE - comment)'
[11:47:36] [INFO] testing 'MySQL >= 5.0.12 AND time-based blind (query SLEEP)'
[11:47:36] [INFO] testing 'PostgreSQL > 8.1 AND time-based blind'
[11:47:36] [INFO] testing 'Microsoft SQL Server/Sybase time-based blind (IF)'
[11:47:36] [INFO] testing 'Oracle AND time-based blind'
it is recommended to perform only basic UNION tests if there is not at least one other (potential) technique found. Do you want to reduce the number of requests? [Y/n] Y
[11:47:36] [INFO] testing 'Generic UNION query (NULL) - 1 to 10 columns'
[11:47:36] [WARNING] URI parameter '#1*' does not seem to be injectable
[11:47:36] [CRITICAL] all tested parameters do not appear to be injectable. Try to increase values for '--level'/'--risk' options if you wish to perform more tests. If you suspect that there is some kind of protection mechanism involved (e.g. WAF) maybe you could try to use option '--tamper' (e.g. '--tamper=space2comment') and/or switch '--random-agent'
[11:47:36] [WARNING] HTTP error codes detected during run:
404 (Not Found) - 73 times

[*] ending @ 11:47:36 /2024-10-04/

"
URL Tracking,2024-10-04 11:52:37,http://127.0.0.1:5000/archive
SQLMap,2024-10-04 11:52:40,"        ___
       __H__
 ___ ___[""]_____ ___ ___  {1.8.9.1#dev}
|_ -| . [']     | .'| . |
|___|_  [,]_|_|_|__,|  _|
      |_|V...       |_|   https://sqlmap.org

[!] legal disclaimer: Usage of sqlmap for attacking targets without prior mutual consent is illegal. It is the end user's responsibility to obey all applicable local, state and federal laws. Developers assume no liability and are not responsible for any misuse or damage caused by this program

[*] starting @ 11:52:38 /2024-10-04/

[11:52:38] [WARNING] using 'C:\Users\udgir\OneDrive\Documents\GitHub\ISRO-UserBehaviourAnalysis\sqlmap_results' as the output directory
[11:52:38] [WARNING] you've provided target URL without any GET parameters (e.g. 'http://www.site.com/article.php?id=1') and without providing any POST parameters through option '--data'
do you want to try URI injections in the target URL itself? [Y/n/q] Y
[11:52:38] [INFO] testing connection to the target URL
[11:52:39] [INFO] testing if the target URL content is stable
[11:52:39] [INFO] target URL content is stable
[11:52:39] [INFO] testing if URI parameter '#1*' is dynamic
[11:52:39] [WARNING] URI parameter '#1*' does not appear to be dynamic
[11:52:39] [WARNING] heuristic (basic) test shows that URI parameter '#1*' might not be injectable
[11:52:39] [INFO] testing for SQL injection on URI parameter '#1*'
[11:52:39] [INFO] testing 'AND boolean-based blind - WHERE or HAVING clause'
[11:52:39] [INFO] testing 'Boolean-based blind - Parameter replace (original value)'
[11:52:39] [INFO] testing 'MySQL >= 5.1 AND error-based - WHERE, HAVING, ORDER BY or GROUP BY clause (EXTRACTVALUE)'
[11:52:39] [INFO] testing 'PostgreSQL AND error-based - WHERE or HAVING clause'
[11:52:39] [INFO] testing 'Microsoft SQL Server/Sybase AND error-based - WHERE or HAVING clause (IN)'
[11:52:39] [INFO] testing 'Oracle AND error-based - WHERE or HAVING clause (XMLType)'
[11:52:39] [INFO] testing 'Generic inline queries'
[11:52:39] [INFO] testing 'PostgreSQL > 8.1 stacked queries (comment)'
[11:52:40] [INFO] testing 'Microsoft SQL Server/Sybase stacked queries (comment)'
[11:52:40] [INFO] testing 'Oracle stacked queries (DBMS_PIPE.RECEIVE_MESSAGE - comment)'
[11:52:40] [INFO] testing 'MySQL >= 5.0.12 AND time-based blind (query SLEEP)'
[11:52:40] [INFO] testing 'PostgreSQL > 8.1 AND time-based blind'
[11:52:40] [INFO] testing 'Microsoft SQL Server/Sybase time-based blind (IF)'
[11:52:40] [INFO] testing 'Oracle AND time-based blind'
it is recommended to perform only basic UNION tests if there is not at least one other (potential) technique found. Do you want to reduce the number of requests? [Y/n] Y
[11:52:40] [INFO] testing 'Generic UNION query (NULL) - 1 to 10 columns'
[11:52:40] [WARNING] URI parameter '#1*' does not seem to be injectable
[11:52:40] [CRITICAL] all tested parameters do not appear to be injectable. Try to increase values for '--level'/'--risk' options if you wish to perform more tests. If you suspect that there is some kind of protection mechanism involved (e.g. WAF) maybe you could try to use option '--tamper' (e.g. '--tamper=space2comment') and/or switch '--random-agent'
[11:52:40] [WARNING] HTTP error codes detected during run:
404 (Not Found) - 73 times

[*] ending @ 11:52:40 /2024-10-04/

"
URL Tracking,2024-10-04 11:57:36,http://127.0.0.1:5000/archive
SQLMap,2024-10-04 11:57:39,"        ___
       __H__
 ___ ___[)]_____ ___ ___  {1.8.9.1#dev}
|_ -| . [']     | .'| . |
|___|_  [,]_|_|_|__,|  _|
      |_|V...       |_|   https://sqlmap.org

[!] legal disclaimer: Usage of sqlmap for attacking targets without prior mutual consent is illegal. It is the end user's responsibility to obey all applicable local, state and federal laws. Developers assume no liability and are not responsible for any misuse or damage caused by this program

[*] starting @ 11:57:37 /2024-10-04/

[11:57:37] [WARNING] using 'C:\Users\udgir\OneDrive\Documents\GitHub\ISRO-UserBehaviourAnalysis\sqlmap_results' as the output directory
[11:57:38] [WARNING] you've provided target URL without any GET parameters (e.g. 'http://www.site.com/article.php?id=1') and without providing any POST parameters through option '--data'
do you want to try URI injections in the target URL itself? [Y/n/q] Y
[11:57:38] [INFO] testing connection to the target URL
[11:57:38] [INFO] testing if the target URL content is stable
[11:57:38] [INFO] target URL content is stable
[11:57:38] [INFO] testing if URI parameter '#1*' is dynamic
[11:57:38] [WARNING] URI parameter '#1*' does not appear to be dynamic
[11:57:38] [WARNING] heuristic (basic) test shows that URI parameter '#1*' might not be injectable
[11:57:38] [INFO] testing for SQL injection on URI parameter '#1*'
[11:57:38] [INFO] testing 'AND boolean-based blind - WHERE or HAVING clause'
[11:57:38] [INFO] testing 'Boolean-based blind - Parameter replace (original value)'
[11:57:38] [INFO] testing 'MySQL >= 5.1 AND error-based - WHERE, HAVING, ORDER BY or GROUP BY clause (EXTRACTVALUE)'
[11:57:38] [INFO] testing 'PostgreSQL AND error-based - WHERE or HAVING clause'
[11:57:38] [INFO] testing 'Microsoft SQL Server/Sybase AND error-based - WHERE or HAVING clause (IN)'
[11:57:38] [INFO] testing 'Oracle AND error-based - WHERE or HAVING clause (XMLType)'
[11:57:39] [INFO] testing 'Generic inline queries'
[11:57:39] [INFO] testing 'PostgreSQL > 8.1 stacked queries (comment)'
[11:57:39] [INFO] testing 'Microsoft SQL Server/Sybase stacked queries (comment)'
[11:57:39] [INFO] testing 'Oracle stacked queries (DBMS_PIPE.RECEIVE_MESSAGE - comment)'
[11:57:39] [INFO] testing 'MySQL >= 5.0.12 AND time-based blind (query SLEEP)'
[11:57:39] [INFO] testing 'PostgreSQL > 8.1 AND time-based blind'
[11:57:39] [INFO] testing 'Microsoft SQL Server/Sybase time-based blind (IF)'
[11:57:39] [INFO] testing 'Oracle AND time-based blind'
it is recommended to perform only basic UNION tests if there is not at least one other (potential) technique found. Do you want to reduce the number of requests? [Y/n] Y
[11:57:39] [INFO] testing 'Generic UNION query (NULL) - 1 to 10 columns'
[11:57:39] [WARNING] URI parameter '#1*' does not seem to be injectable
[11:57:39] [CRITICAL] all tested parameters do not appear to be injectable. Try to increase values for '--level'/'--risk' options if you wish to perform more tests. If you suspect that there is some kind of protection mechanism involved (e.g. WAF) maybe you could try to use option '--tamper' (e.g. '--tamper=space2comment') and/or switch '--random-agent'
[11:57:39] [WARNING] HTTP error codes detected during run:
404 (Not Found) - 73 times

[*] ending @ 11:57:39 /2024-10-04/

"
URL Tracking,2024-10-04 12:04:04,http://127.0.0.1:5000/archive
SQLMap,2024-10-04 12:04:07,"        ___
       __H__
 ___ ___[.]_____ ___ ___  {1.8.9.1#dev}
|_ -| . [,]     | .'| . |
|___|_  [)]_|_|_|__,|  _|
      |_|V...       |_|   https://sqlmap.org

[!] legal disclaimer: Usage of sqlmap for attacking targets without prior mutual consent is illegal. It is the end user's responsibility to obey all applicable local, state and federal laws. Developers assume no liability and are not responsible for any misuse or damage caused by this program

[*] starting @ 12:04:05 /2024-10-04/

[12:04:05] [WARNING] using 'C:\Users\udgir\OneDrive\Documents\GitHub\ISRO-UserBehaviourAnalysis\sqlmap_results' as the output directory
[12:04:05] [WARNING] you've provided target URL without any GET parameters (e.g. 'http://www.site.com/article.php?id=1') and without providing any POST parameters through option '--data'
do you want to try URI injections in the target URL itself? [Y/n/q] Y
[12:04:05] [INFO] testing connection to the target URL
[12:04:06] [INFO] testing if the target URL content is stable
[12:04:06] [INFO] target URL content is stable
[12:04:06] [INFO] testing if URI parameter '#1*' is dynamic
[12:04:06] [WARNING] URI parameter '#1*' does not appear to be dynamic
[12:04:06] [WARNING] heuristic (basic) test shows that URI parameter '#1*' might not be injectable
[12:04:06] [INFO] testing for SQL injection on URI parameter '#1*'
[12:04:06] [INFO] testing 'AND boolean-based blind - WHERE or HAVING clause'
[12:04:06] [INFO] testing 'Boolean-based blind - Parameter replace (original value)'
[12:04:06] [INFO] testing 'MySQL >= 5.1 AND error-based - WHERE, HAVING, ORDER BY or GROUP BY clause (EXTRACTVALUE)'
[12:04:06] [INFO] testing 'PostgreSQL AND error-based - WHERE or HAVING clause'
[12:04:06] [INFO] testing 'Microsoft SQL Server/Sybase AND error-based - WHERE or HAVING clause (IN)'
[12:04:06] [INFO] testing 'Oracle AND error-based - WHERE or HAVING clause (XMLType)'
[12:04:06] [INFO] testing 'Generic inline queries'
[12:04:06] [INFO] testing 'PostgreSQL > 8.1 stacked queries (comment)'
[12:04:07] [INFO] testing 'Microsoft SQL Server/Sybase stacked queries (comment)'
[12:04:07] [INFO] testing 'Oracle stacked queries (DBMS_PIPE.RECEIVE_MESSAGE - comment)'
[12:04:07] [INFO] testing 'MySQL >= 5.0.12 AND time-based blind (query SLEEP)'
[12:04:07] [INFO] testing 'PostgreSQL > 8.1 AND time-based blind'
[12:04:07] [INFO] testing 'Microsoft SQL Server/Sybase time-based blind (IF)'
[12:04:07] [INFO] testing 'Oracle AND time-based blind'
it is recommended to perform only basic UNION tests if there is not at least one other (potential) technique found. Do you want to reduce the number of requests? [Y/n] Y
[12:04:07] [INFO] testing 'Generic UNION query (NULL) - 1 to 10 columns'
[12:04:07] [WARNING] URI parameter '#1*' does not seem to be injectable
[12:04:07] [CRITICAL] all tested parameters do not appear to be injectable. Try to increase values for '--level'/'--risk' options if you wish to perform more tests. If you suspect that there is some kind of protection mechanism involved (e.g. WAF) maybe you could try to use option '--tamper' (e.g. '--tamper=space2comment') and/or switch '--random-agent'
[12:04:07] [WARNING] HTTP error codes detected during run:
404 (Not Found) - 73 times

[*] ending @ 12:04:07 /2024-10-04/

"
URL Tracking,2024-10-04 12:20:50,http://127.0.0.1:5000/archive
SQLMap,2024-10-04 12:20:58,"        ___
       __H__
 ___ ___[(]_____ ___ ___  {1.8.9.1#dev}
|_ -| . [,]     | .'| . |
|___|_  [)]_|_|_|__,|  _|
      |_|V...       |_|   https://sqlmap.org

[!] legal disclaimer: Usage of sqlmap for attacking targets without prior mutual consent is illegal. It is the end user's responsibility to obey all applicable local, state and federal laws. Developers assume no liability and are not responsible for any misuse or damage caused by this program

[*] starting @ 12:20:54 /2024-10-04/

[12:20:54] [WARNING] using 'C:\Users\udgir\OneDrive\Documents\GitHub\ISRO-UserBehaviourAnalysis\sqlmap_results' as the output directory
[12:20:56] [WARNING] you've provided target URL without any GET parameters (e.g. 'http://www.site.com/article.php?id=1') and without providing any POST parameters through option '--data'
do you want to try URI injections in the target URL itself? [Y/n/q] Y
[12:20:56] [INFO] testing connection to the target URL
[12:20:56] [INFO] testing if the target URL content is stable
[12:20:57] [INFO] target URL content is stable
[12:20:57] [INFO] testing if URI parameter '#1*' is dynamic
[12:20:57] [WARNING] URI parameter '#1*' does not appear to be dynamic
[12:20:57] [WARNING] heuristic (basic) test shows that URI parameter '#1*' might not be injectable
[12:20:57] [INFO] testing for SQL injection on URI parameter '#1*'
[12:20:57] [INFO] testing 'AND boolean-based blind - WHERE or HAVING clause'
[12:20:57] [INFO] testing 'Boolean-based blind - Parameter replace (original value)'
[12:20:57] [INFO] testing 'MySQL >= 5.1 AND error-based - WHERE, HAVING, ORDER BY or GROUP BY clause (EXTRACTVALUE)'
[12:20:57] [INFO] testing 'PostgreSQL AND error-based - WHERE or HAVING clause'
[12:20:57] [INFO] testing 'Microsoft SQL Server/Sybase AND error-based - WHERE or HAVING clause (IN)'
[12:20:57] [INFO] testing 'Oracle AND error-based - WHERE or HAVING clause (XMLType)'
[12:20:57] [INFO] testing 'Generic inline queries'
[12:20:57] [INFO] testing 'PostgreSQL > 8.1 stacked queries (comment)'
[12:20:57] [INFO] testing 'Microsoft SQL Server/Sybase stacked queries (comment)'
[12:20:57] [INFO] testing 'Oracle stacked queries (DBMS_PIPE.RECEIVE_MESSAGE - comment)'
[12:20:57] [INFO] testing 'MySQL >= 5.0.12 AND time-based blind (query SLEEP)'
[12:20:57] [INFO] testing 'PostgreSQL > 8.1 AND time-based blind'
[12:20:57] [INFO] testing 'Microsoft SQL Server/Sybase time-based blind (IF)'
[12:20:57] [INFO] testing 'Oracle AND time-based blind'
it is recommended to perform only basic UNION tests if there is not at least one other (potential) technique found. Do you want to reduce the number of requests? [Y/n] Y
[12:20:58] [INFO] testing 'Generic UNION query (NULL) - 1 to 10 columns'
[12:20:58] [WARNING] URI parameter '#1*' does not seem to be injectable
[12:20:58] [CRITICAL] all tested parameters do not appear to be injectable. Try to increase values for '--level'/'--risk' options if you wish to perform more tests. If you suspect that there is some kind of protection mechanism involved (e.g. WAF) maybe you could try to use option '--tamper' (e.g. '--tamper=space2comment') and/or switch '--random-agent'
[12:20:58] [WARNING] HTTP error codes detected during run:
404 (Not Found) - 73 times

[*] ending @ 12:20:58 /2024-10-04/

"
URL Tracking,2024-10-04 12:23:36,http://127.0.0.1:5000/archive
SQLMap,2024-10-04 12:23:40,"        ___
       __H__
 ___ ___[']_____ ___ ___  {1.8.9.1#dev}
|_ -| . [)]     | .'| . |
|___|_  [)]_|_|_|__,|  _|
      |_|V...       |_|   https://sqlmap.org

[!] legal disclaimer: Usage of sqlmap for attacking targets without prior mutual consent is illegal. It is the end user's responsibility to obey all applicable local, state and federal laws. Developers assume no liability and are not responsible for any misuse or damage caused by this program

[*] starting @ 12:23:38 /2024-10-04/

[12:23:38] [WARNING] using 'C:\Users\udgir\OneDrive\Documents\GitHub\ISRO-UserBehaviourAnalysis\sqlmap_results' as the output directory
[12:23:38] [WARNING] you've provided target URL without any GET parameters (e.g. 'http://www.site.com/article.php?id=1') and without providing any POST parameters through option '--data'
do you want to try URI injections in the target URL itself? [Y/n/q] Y
[12:23:38] [INFO] testing connection to the target URL
[12:23:39] [INFO] testing if the target URL content is stable
[12:23:39] [INFO] target URL content is stable
[12:23:39] [INFO] testing if URI parameter '#1*' is dynamic
[12:23:39] [WARNING] URI parameter '#1*' does not appear to be dynamic
[12:23:39] [WARNING] heuristic (basic) test shows that URI parameter '#1*' might not be injectable
[12:23:39] [INFO] testing for SQL injection on URI parameter '#1*'
[12:23:39] [INFO] testing 'AND boolean-based blind - WHERE or HAVING clause'
[12:23:39] [INFO] testing 'Boolean-based blind - Parameter replace (original value)'
[12:23:39] [INFO] testing 'MySQL >= 5.1 AND error-based - WHERE, HAVING, ORDER BY or GROUP BY clause (EXTRACTVALUE)'
[12:23:39] [INFO] testing 'PostgreSQL AND error-based - WHERE or HAVING clause'
[12:23:39] [INFO] testing 'Microsoft SQL Server/Sybase AND error-based - WHERE or HAVING clause (IN)'
[12:23:39] [INFO] testing 'Oracle AND error-based - WHERE or HAVING clause (XMLType)'
[12:23:39] [INFO] testing 'Generic inline queries'
[12:23:39] [INFO] testing 'PostgreSQL > 8.1 stacked queries (comment)'
[12:23:39] [INFO] testing 'Microsoft SQL Server/Sybase stacked queries (comment)'
[12:23:39] [INFO] testing 'Oracle stacked queries (DBMS_PIPE.RECEIVE_MESSAGE - comment)'
[12:23:39] [INFO] testing 'MySQL >= 5.0.12 AND time-based blind (query SLEEP)'
[12:23:40] [INFO] testing 'PostgreSQL > 8.1 AND time-based blind'
[12:23:40] [INFO] testing 'Microsoft SQL Server/Sybase time-based blind (IF)'
[12:23:40] [INFO] testing 'Oracle AND time-based blind'
it is recommended to perform only basic UNION tests if there is not at least one other (potential) technique found. Do you want to reduce the number of requests? [Y/n] Y
[12:23:40] [INFO] testing 'Generic UNION query (NULL) - 1 to 10 columns'
[12:23:40] [WARNING] URI parameter '#1*' does not seem to be injectable
[12:23:40] [CRITICAL] all tested parameters do not appear to be injectable. Try to increase values for '--level'/'--risk' options if you wish to perform more tests. If you suspect that there is some kind of protection mechanism involved (e.g. WAF) maybe you could try to use option '--tamper' (e.g. '--tamper=space2comment') and/or switch '--random-agent'
[12:23:40] [WARNING] HTTP error codes detected during run:
404 (Not Found) - 73 times

[*] ending @ 12:23:40 /2024-10-04/

"
URL Tracking,2024-10-04 12:25:41,http://127.0.0.1:5000/archive
SQLMap,2024-10-04 12:25:44,"        ___
       __H__
 ___ ___[.]_____ ___ ___  {1.8.9.1#dev}
|_ -| . [.]     | .'| . |
|___|_  [""]_|_|_|__,|  _|
      |_|V...       |_|   https://sqlmap.org

[!] legal disclaimer: Usage of sqlmap for attacking targets without prior mutual consent is illegal. It is the end user's responsibility to obey all applicable local, state and federal laws. Developers assume no liability and are not responsible for any misuse or damage caused by this program

[*] starting @ 12:25:43 /2024-10-04/

[12:25:43] [WARNING] using 'C:\Users\udgir\OneDrive\Documents\GitHub\ISRO-UserBehaviourAnalysis\sqlmap_results' as the output directory
[12:25:43] [WARNING] you've provided target URL without any GET parameters (e.g. 'http://www.site.com/article.php?id=1') and without providing any POST parameters through option '--data'
do you want to try URI injections in the target URL itself? [Y/n/q] Y
[12:25:43] [INFO] testing connection to the target URL
[12:25:43] [INFO] testing if the target URL content is stable
[12:25:43] [INFO] target URL content is stable
[12:25:43] [INFO] testing if URI parameter '#1*' is dynamic
[12:25:43] [WARNING] URI parameter '#1*' does not appear to be dynamic
[12:25:44] [WARNING] heuristic (basic) test shows that URI parameter '#1*' might not be injectable
[12:25:44] [INFO] testing for SQL injection on URI parameter '#1*'
[12:25:44] [INFO] testing 'AND boolean-based blind - WHERE or HAVING clause'
[12:25:44] [INFO] testing 'Boolean-based blind - Parameter replace (original value)'
[12:25:44] [INFO] testing 'MySQL >= 5.1 AND error-based - WHERE, HAVING, ORDER BY or GROUP BY clause (EXTRACTVALUE)'
[12:25:44] [INFO] testing 'PostgreSQL AND error-based - WHERE or HAVING clause'
[12:25:44] [INFO] testing 'Microsoft SQL Server/Sybase AND error-based - WHERE or HAVING clause (IN)'
[12:25:44] [INFO] testing 'Oracle AND error-based - WHERE or HAVING clause (XMLType)'
[12:25:44] [INFO] testing 'Generic inline queries'
[12:25:44] [INFO] testing 'PostgreSQL > 8.1 stacked queries (comment)'
[12:25:44] [INFO] testing 'Microsoft SQL Server/Sybase stacked queries (comment)'
[12:25:44] [INFO] testing 'Oracle stacked queries (DBMS_PIPE.RECEIVE_MESSAGE - comment)'
[12:25:44] [INFO] testing 'MySQL >= 5.0.12 AND time-based blind (query SLEEP)'
[12:25:44] [INFO] testing 'PostgreSQL > 8.1 AND time-based blind'
[12:25:44] [INFO] testing 'Microsoft SQL Server/Sybase time-based blind (IF)'
[12:25:44] [INFO] testing 'Oracle AND time-based blind'
it is recommended to perform only basic UNION tests if there is not at least one other (potential) technique found. Do you want to reduce the number of requests? [Y/n] Y
[12:25:44] [INFO] testing 'Generic UNION query (NULL) - 1 to 10 columns'
[12:25:44] [WARNING] URI parameter '#1*' does not seem to be injectable
[12:25:44] [CRITICAL] all tested parameters do not appear to be injectable. Try to increase values for '--level'/'--risk' options if you wish to perform more tests. If you suspect that there is some kind of protection mechanism involved (e.g. WAF) maybe you could try to use option '--tamper' (e.g. '--tamper=space2comment') and/or switch '--random-agent'
[12:25:44] [WARNING] HTTP error codes detected during run:
404 (Not Found) - 73 times

[*] ending @ 12:25:44 /2024-10-04/

"
URL Tracking,2024-10-04 12:29:33,http://192.168.95.227:5000/archive
SQLMap,2024-10-04 12:29:37,"        ___
       __H__
 ___ ___[""]_____ ___ ___  {1.8.9.1#dev}
|_ -| . [""]     | .'| . |
|___|_  [']_|_|_|__,|  _|
      |_|V...       |_|   https://sqlmap.org

[!] legal disclaimer: Usage of sqlmap for attacking targets without prior mutual consent is illegal. It is the end user's responsibility to obey all applicable local, state and federal laws. Developers assume no liability and are not responsible for any misuse or damage caused by this program

[*] starting @ 12:29:35 /2024-10-04/

[12:29:35] [WARNING] using 'C:\Users\udgir\OneDrive\Documents\GitHub\ISRO-UserBehaviourAnalysis\sqlmap_results' as the output directory
[12:29:35] [WARNING] you've provided target URL without any GET parameters (e.g. 'http://www.site.com/article.php?id=1') and without providing any POST parameters through option '--data'
do you want to try URI injections in the target URL itself? [Y/n/q] Y
[12:29:35] [INFO] testing connection to the target URL
[12:29:35] [INFO] checking if the target is protected by some kind of WAF/IPS
[12:29:35] [INFO] testing if the target URL content is stable
[12:29:36] [INFO] target URL content is stable
[12:29:36] [INFO] testing if URI parameter '#1*' is dynamic
[12:29:36] [WARNING] URI parameter '#1*' does not appear to be dynamic
[12:29:36] [WARNING] heuristic (basic) test shows that URI parameter '#1*' might not be injectable
[12:29:36] [INFO] testing for SQL injection on URI parameter '#1*'
[12:29:36] [INFO] testing 'AND boolean-based blind - WHERE or HAVING clause'
[12:29:36] [INFO] testing 'Boolean-based blind - Parameter replace (original value)'
[12:29:36] [INFO] testing 'MySQL >= 5.1 AND error-based - WHERE, HAVING, ORDER BY or GROUP BY clause (EXTRACTVALUE)'
[12:29:36] [INFO] testing 'PostgreSQL AND error-based - WHERE or HAVING clause'
[12:29:36] [INFO] testing 'Microsoft SQL Server/Sybase AND error-based - WHERE or HAVING clause (IN)'
[12:29:36] [INFO] testing 'Oracle AND error-based - WHERE or HAVING clause (XMLType)'
[12:29:36] [INFO] testing 'Generic inline queries'
[12:29:36] [INFO] testing 'PostgreSQL > 8.1 stacked queries (comment)'
[12:29:36] [INFO] testing 'Microsoft SQL Server/Sybase stacked queries (comment)'
[12:29:36] [INFO] testing 'Oracle stacked queries (DBMS_PIPE.RECEIVE_MESSAGE - comment)'
[12:29:36] [INFO] testing 'MySQL >= 5.0.12 AND time-based blind (query SLEEP)'
[12:29:36] [INFO] testing 'PostgreSQL > 8.1 AND time-based blind'
[12:29:36] [INFO] testing 'Microsoft SQL Server/Sybase time-based blind (IF)'
[12:29:36] [INFO] testing 'Oracle AND time-based blind'
it is recommended to perform only basic UNION tests if there is not at least one other (potential) technique found. Do you want to reduce the number of requests? [Y/n] Y
[12:29:37] [INFO] testing 'Generic UNION query (NULL) - 1 to 10 columns'
[12:29:37] [WARNING] URI parameter '#1*' does not seem to be injectable
[12:29:37] [CRITICAL] all tested parameters do not appear to be injectable. Try to increase values for '--level'/'--risk' options if you wish to perform more tests. If you suspect that there is some kind of protection mechanism involved (e.g. WAF) maybe you could try to use option '--tamper' (e.g. '--tamper=space2comment') and/or switch '--random-agent'
[12:29:37] [WARNING] HTTP error codes detected during run:
404 (Not Found) - 73 times

[*] ending @ 12:29:37 /2024-10-04/

"
URL Tracking,2024-10-04 12:35:26,http://192.168.95.227:5000/archive
SQLMap,2024-10-04 12:35:30,"        ___
       __H__
 ___ ___[""]_____ ___ ___  {1.8.9.1#dev}
|_ -| . [.]     | .'| . |
|___|_  [""]_|_|_|__,|  _|
      |_|V...       |_|   https://sqlmap.org

[!] legal disclaimer: Usage of sqlmap for attacking targets without prior mutual consent is illegal. It is the end user's responsibility to obey all applicable local, state and federal laws. Developers assume no liability and are not responsible for any misuse or damage caused by this program

[*] starting @ 12:35:28 /2024-10-04/

[12:35:28] [WARNING] using 'C:\Users\udgir\OneDrive\Documents\GitHub\ISRO-UserBehaviourAnalysis\sqlmap_results' as the output directory
[12:35:28] [WARNING] you've provided target URL without any GET parameters (e.g. 'http://www.site.com/article.php?id=1') and without providing any POST parameters through option '--data'
do you want to try URI injections in the target URL itself? [Y/n/q] Y
[12:35:28] [INFO] testing connection to the target URL
[12:35:29] [INFO] testing if the target URL content is stable
[12:35:29] [INFO] target URL content is stable
[12:35:29] [INFO] testing if URI parameter '#1*' is dynamic
[12:35:29] [WARNING] URI parameter '#1*' does not appear to be dynamic
[12:35:29] [WARNING] heuristic (basic) test shows that URI parameter '#1*' might not be injectable
[12:35:29] [INFO] testing for SQL injection on URI parameter '#1*'
[12:35:29] [INFO] testing 'AND boolean-based blind - WHERE or HAVING clause'
[12:35:29] [INFO] testing 'Boolean-based blind - Parameter replace (original value)'
[12:35:29] [INFO] testing 'MySQL >= 5.1 AND error-based - WHERE, HAVING, ORDER BY or GROUP BY clause (EXTRACTVALUE)'
[12:35:29] [INFO] testing 'PostgreSQL AND error-based - WHERE or HAVING clause'
[12:35:29] [INFO] testing 'Microsoft SQL Server/Sybase AND error-based - WHERE or HAVING clause (IN)'
[12:35:29] [INFO] testing 'Oracle AND error-based - WHERE or HAVING clause (XMLType)'
[12:35:29] [INFO] testing 'Generic inline queries'
[12:35:29] [INFO] testing 'PostgreSQL > 8.1 stacked queries (comment)'
[12:35:30] [INFO] testing 'Microsoft SQL Server/Sybase stacked queries (comment)'
[12:35:30] [INFO] testing 'Oracle stacked queries (DBMS_PIPE.RECEIVE_MESSAGE - comment)'
[12:35:30] [INFO] testing 'MySQL >= 5.0.12 AND time-based blind (query SLEEP)'
[12:35:30] [INFO] testing 'PostgreSQL > 8.1 AND time-based blind'
[12:35:30] [INFO] testing 'Microsoft SQL Server/Sybase time-based blind (IF)'
[12:35:30] [INFO] testing 'Oracle AND time-based blind'
it is recommended to perform only basic UNION tests if there is not at least one other (potential) technique found. Do you want to reduce the number of requests? [Y/n] Y
[12:35:30] [INFO] testing 'Generic UNION query (NULL) - 1 to 10 columns'
[12:35:30] [WARNING] URI parameter '#1*' does not seem to be injectable
[12:35:30] [CRITICAL] all tested parameters do not appear to be injectable. Try to increase values for '--level'/'--risk' options if you wish to perform more tests. If you suspect that there is some kind of protection mechanism involved (e.g. WAF) maybe you could try to use option '--tamper' (e.g. '--tamper=space2comment') and/or switch '--random-agent'
[12:35:30] [WARNING] HTTP error codes detected during run:
404 (Not Found) - 73 times

[*] ending @ 12:35:30 /2024-10-04/

"
URL Tracking,2024-10-04 12:39:52,http://192.168.95.227:5000/archive
SQLMap,2024-10-04 12:39:55,"        ___
       __H__
 ___ ___[']_____ ___ ___  {1.8.9.1#dev}
|_ -| . [)]     | .'| . |
|___|_  [""]_|_|_|__,|  _|
      |_|V...       |_|   https://sqlmap.org

[!] legal disclaimer: Usage of sqlmap for attacking targets without prior mutual consent is illegal. It is the end user's responsibility to obey all applicable local, state and federal laws. Developers assume no liability and are not responsible for any misuse or damage caused by this program

[*] starting @ 12:39:53 /2024-10-04/

[12:39:53] [WARNING] using 'C:\Users\udgir\OneDrive\Documents\GitHub\ISRO-UserBehaviourAnalysis\sqlmap_results' as the output directory
[12:39:54] [WARNING] you've provided target URL without any GET parameters (e.g. 'http://www.site.com/article.php?id=1') and without providing any POST parameters through option '--data'
do you want to try URI injections in the target URL itself? [Y/n/q] Y
[12:39:54] [INFO] testing connection to the target URL
[12:39:54] [INFO] testing if the target URL content is stable
[12:39:54] [INFO] target URL content is stable
[12:39:54] [INFO] testing if URI parameter '#1*' is dynamic
[12:39:54] [WARNING] URI parameter '#1*' does not appear to be dynamic
[12:39:54] [WARNING] heuristic (basic) test shows that URI parameter '#1*' might not be injectable
[12:39:54] [INFO] testing for SQL injection on URI parameter '#1*'
[12:39:54] [INFO] testing 'AND boolean-based blind - WHERE or HAVING clause'
[12:39:55] [INFO] testing 'Boolean-based blind - Parameter replace (original value)'
[12:39:55] [INFO] testing 'MySQL >= 5.1 AND error-based - WHERE, HAVING, ORDER BY or GROUP BY clause (EXTRACTVALUE)'
[12:39:55] [INFO] testing 'PostgreSQL AND error-based - WHERE or HAVING clause'
[12:39:55] [INFO] testing 'Microsoft SQL Server/Sybase AND error-based - WHERE or HAVING clause (IN)'
[12:39:55] [INFO] testing 'Oracle AND error-based - WHERE or HAVING clause (XMLType)'
[12:39:55] [INFO] testing 'Generic inline queries'
[12:39:55] [INFO] testing 'PostgreSQL > 8.1 stacked queries (comment)'
[12:39:55] [INFO] testing 'Microsoft SQL Server/Sybase stacked queries (comment)'
[12:39:55] [INFO] testing 'Oracle stacked queries (DBMS_PIPE.RECEIVE_MESSAGE - comment)'
[12:39:55] [INFO] testing 'MySQL >= 5.0.12 AND time-based blind (query SLEEP)'
[12:39:55] [INFO] testing 'PostgreSQL > 8.1 AND time-based blind'
[12:39:55] [INFO] testing 'Microsoft SQL Server/Sybase time-based blind (IF)'
[12:39:55] [INFO] testing 'Oracle AND time-based blind'
it is recommended to perform only basic UNION tests if there is not at least one other (potential) technique found. Do you want to reduce the number of requests? [Y/n] Y
[12:39:55] [INFO] testing 'Generic UNION query (NULL) - 1 to 10 columns'
[12:39:55] [WARNING] URI parameter '#1*' does not seem to be injectable
[12:39:55] [CRITICAL] all tested parameters do not appear to be injectable. Try to increase values for '--level'/'--risk' options if you wish to perform more tests. If you suspect that there is some kind of protection mechanism involved (e.g. WAF) maybe you could try to use option '--tamper' (e.g. '--tamper=space2comment') and/or switch '--random-agent'
[12:39:55] [WARNING] HTTP error codes detected during run:
404 (Not Found) - 73 times

[*] ending @ 12:39:55 /2024-10-04/

"
URL Tracking,2024-10-04 14:25:47,http://127.0.0.1:5000/archive
URL Tracking,2024-10-04 14:32:26,http://127.0.0.1:5000/archive
URL Tracking,2024-10-04 14:37:28,http://127.0.0.1:5000/archive
URL Tracking,2024-10-04 14:52:36,http://127.0.0.1:5000/archive
URL Tracking,2024-10-04 14:57:39,http://127.0.0.1:5000/archive
URL Tracking,2024-10-07 10:14:06,http://127.0.0.1:5000/archive
URL Tracking,2024-10-07 10:14:26,http://127.0.0.1:5000/archive
URL Tracking,2024-10-07 10:19:57,http://127.0.0.1:5000/archive
SQLMap,2024-10-07 10:20:03,"        ___
       __H__
 ___ ___[)]_____ ___ ___  {1.8.9.1#dev}
|_ -| . [""]     | .'| . |
|___|_  [,]_|_|_|__,|  _|
      |_|V...       |_|   https://sqlmap.org

[!] legal disclaimer: Usage of sqlmap for attacking targets without prior mutual consent is illegal. It is the end user's responsibility to obey all applicable local, state and federal laws. Developers assume no liability and are not responsible for any misuse or damage caused by this program

[*] starting @ 10:19:59 /2024-10-07/

[10:19:59] [WARNING] using 'C:\Users\udgir\OneDrive\Documents\GitHub\ISRO-UserBehaviourAnalysis\sqlmap_results' as the output directory
[10:20:01] [WARNING] you've provided target URL without any GET parameters (e.g. 'http://www.site.com/article.php?id=1') and without providing any POST parameters through option '--data'
do you want to try URI injections in the target URL itself? [Y/n/q] Y
[10:20:01] [INFO] testing connection to the target URL
[10:20:01] [INFO] testing if the target URL content is stable
[10:20:02] [INFO] target URL content is stable
[10:20:02] [INFO] testing if URI parameter '#1*' is dynamic
[10:20:02] [WARNING] URI parameter '#1*' does not appear to be dynamic
[10:20:02] [WARNING] heuristic (basic) test shows that URI parameter '#1*' might not be injectable
[10:20:02] [INFO] testing for SQL injection on URI parameter '#1*'
[10:20:02] [INFO] testing 'AND boolean-based blind - WHERE or HAVING clause'
[10:20:02] [INFO] testing 'Boolean-based blind - Parameter replace (original value)'
[10:20:02] [INFO] testing 'MySQL >= 5.1 AND error-based - WHERE, HAVING, ORDER BY or GROUP BY clause (EXTRACTVALUE)'
[10:20:02] [INFO] testing 'PostgreSQL AND error-based - WHERE or HAVING clause'
[10:20:02] [INFO] testing 'Microsoft SQL Server/Sybase AND error-based - WHERE or HAVING clause (IN)'
[10:20:02] [INFO] testing 'Oracle AND error-based - WHERE or HAVING clause (XMLType)'
[10:20:02] [INFO] testing 'Generic inline queries'
[10:20:02] [INFO] testing 'PostgreSQL > 8.1 stacked queries (comment)'
[10:20:02] [INFO] testing 'Microsoft SQL Server/Sybase stacked queries (comment)'
[10:20:02] [INFO] testing 'Oracle stacked queries (DBMS_PIPE.RECEIVE_MESSAGE - comment)'
[10:20:03] [INFO] testing 'MySQL >= 5.0.12 AND time-based blind (query SLEEP)'
[10:20:03] [INFO] testing 'PostgreSQL > 8.1 AND time-based blind'
[10:20:03] [INFO] testing 'Microsoft SQL Server/Sybase time-based blind (IF)'
[10:20:03] [INFO] testing 'Oracle AND time-based blind'
it is recommended to perform only basic UNION tests if there is not at least one other (potential) technique found. Do you want to reduce the number of requests? [Y/n] Y
[10:20:03] [INFO] testing 'Generic UNION query (NULL) - 1 to 10 columns'
[10:20:03] [WARNING] URI parameter '#1*' does not seem to be injectable
[10:20:03] [CRITICAL] all tested parameters do not appear to be injectable. Try to increase values for '--level'/'--risk' options if you wish to perform more tests. If you suspect that there is some kind of protection mechanism involved (e.g. WAF) maybe you could try to use option '--tamper' (e.g. '--tamper=space2comment') and/or switch '--random-agent'
[10:20:03] [WARNING] HTTP error codes detected during run:
404 (Not Found) - 73 times

[*] ending @ 10:20:03 /2024-10-07/

"
URL Tracking,2024-10-07 11:16:55,http://127.0.0.1:5000/archive
URL Tracking,2024-10-07 11:19:06,http://127.0.0.1:5000/archive
URL Tracking,2024-10-07 11:21:22,http://127.0.0.1:5000/archive
SQLMap,2024-10-07 11:21:32,"        ___
       __H__
 ___ ___[.]_____ ___ ___  {1.8.9.1#dev}
|_ -| . [,]     | .'| . |
|___|_  [(]_|_|_|__,|  _|
      |_|V...       |_|   https://sqlmap.org

[!] legal disclaimer: Usage of sqlmap for attacking targets without prior mutual consent is illegal. It is the end user's responsibility to obey all applicable local, state and federal laws. Developers assume no liability and are not responsible for any misuse or damage caused by this program

[*] starting @ 11:21:30 /2024-10-07/

[11:21:30] [WARNING] using 'C:\Users\udgir\OneDrive\Documents\GitHub\ISRO-UserBehaviourAnalysis\sqlmap_results' as the output directory
[11:21:30] [WARNING] you've provided target URL without any GET parameters (e.g. 'http://www.site.com/article.php?id=1') and without providing any POST parameters through option '--data'
do you want to try URI injections in the target URL itself? [Y/n/q] Y
[11:21:30] [INFO] testing connection to the target URL
[11:21:30] [INFO] testing if the target URL content is stable
[11:21:31] [INFO] target URL content is stable
[11:21:31] [INFO] testing if URI parameter '#1*' is dynamic
[11:21:31] [WARNING] URI parameter '#1*' does not appear to be dynamic
[11:21:31] [WARNING] heuristic (basic) test shows that URI parameter '#1*' might not be injectable
[11:21:31] [INFO] testing for SQL injection on URI parameter '#1*'
[11:21:31] [INFO] testing 'AND boolean-based blind - WHERE or HAVING clause'
[11:21:31] [INFO] testing 'Boolean-based blind - Parameter replace (original value)'
[11:21:31] [INFO] testing 'MySQL >= 5.1 AND error-based - WHERE, HAVING, ORDER BY or GROUP BY clause (EXTRACTVALUE)'
[11:21:31] [INFO] testing 'PostgreSQL AND error-based - WHERE or HAVING clause'
[11:21:31] [INFO] testing 'Microsoft SQL Server/Sybase AND error-based - WHERE or HAVING clause (IN)'
[11:21:31] [INFO] testing 'Oracle AND error-based - WHERE or HAVING clause (XMLType)'
[11:21:31] [INFO] testing 'Generic inline queries'
[11:21:31] [INFO] testing 'PostgreSQL > 8.1 stacked queries (comment)'
[11:21:31] [INFO] testing 'Microsoft SQL Server/Sybase stacked queries (comment)'
[11:21:31] [INFO] testing 'Oracle stacked queries (DBMS_PIPE.RECEIVE_MESSAGE - comment)'
[11:21:31] [INFO] testing 'MySQL >= 5.0.12 AND time-based blind (query SLEEP)'
[11:21:32] [INFO] testing 'PostgreSQL > 8.1 AND time-based blind'
[11:21:32] [INFO] testing 'Microsoft SQL Server/Sybase time-based blind (IF)'
[11:21:32] [INFO] testing 'Oracle AND time-based blind'
it is recommended to perform only basic UNION tests if there is not at least one other (potential) technique found. Do you want to reduce the number of requests? [Y/n] Y
[11:21:32] [INFO] testing 'Generic UNION query (NULL) - 1 to 10 columns'
[11:21:32] [WARNING] URI parameter '#1*' does not seem to be injectable
[11:21:32] [CRITICAL] all tested parameters do not appear to be injectable. Try to increase values for '--level'/'--risk' options if you wish to perform more tests. If you suspect that there is some kind of protection mechanism involved (e.g. WAF) maybe you could try to use option '--tamper' (e.g. '--tamper=space2comment') and/or switch '--random-agent'
[11:21:32] [WARNING] HTTP error codes detected during run:
404 (Not Found) - 73 times

[*] ending @ 11:21:32 /2024-10-07/

"
URL Tracking,2024-10-07 11:27:43,http://127.0.0.1:5000/archive
SQLMap,2024-10-07 11:27:48,"        ___
       __H__
 ___ ___[.]_____ ___ ___  {1.8.9.1#dev}
|_ -| . [(]     | .'| . |
|___|_  [.]_|_|_|__,|  _|
      |_|V...       |_|   https://sqlmap.org

[!] legal disclaimer: Usage of sqlmap for attacking targets without prior mutual consent is illegal. It is the end user's responsibility to obey all applicable local, state and federal laws. Developers assume no liability and are not responsible for any misuse or damage caused by this program

[*] starting @ 11:27:46 /2024-10-07/

[11:27:46] [WARNING] using 'C:\Users\udgir\OneDrive\Documents\GitHub\ISRO-UserBehaviourAnalysis\sqlmap_results' as the output directory
[11:27:46] [WARNING] you've provided target URL without any GET parameters (e.g. 'http://www.site.com/article.php?id=1') and without providing any POST parameters through option '--data'
do you want to try URI injections in the target URL itself? [Y/n/q] Y
[11:27:46] [INFO] testing connection to the target URL
[11:27:47] [INFO] testing if the target URL content is stable
[11:27:47] [INFO] target URL content is stable
[11:27:47] [INFO] testing if URI parameter '#1*' is dynamic
[11:27:47] [WARNING] URI parameter '#1*' does not appear to be dynamic
[11:27:47] [WARNING] heuristic (basic) test shows that URI parameter '#1*' might not be injectable
[11:27:47] [INFO] testing for SQL injection on URI parameter '#1*'
[11:27:47] [INFO] testing 'AND boolean-based blind - WHERE or HAVING clause'
[11:27:47] [INFO] testing 'Boolean-based blind - Parameter replace (original value)'
[11:27:47] [INFO] testing 'MySQL >= 5.1 AND error-based - WHERE, HAVING, ORDER BY or GROUP BY clause (EXTRACTVALUE)'
[11:27:47] [INFO] testing 'PostgreSQL AND error-based - WHERE or HAVING clause'
[11:27:48] [INFO] testing 'Microsoft SQL Server/Sybase AND error-based - WHERE or HAVING clause (IN)'
[11:27:48] [INFO] testing 'Oracle AND error-based - WHERE or HAVING clause (XMLType)'
[11:27:48] [INFO] testing 'Generic inline queries'
[11:27:48] [INFO] testing 'PostgreSQL > 8.1 stacked queries (comment)'
[11:27:48] [INFO] testing 'Microsoft SQL Server/Sybase stacked queries (comment)'
[11:27:48] [INFO] testing 'Oracle stacked queries (DBMS_PIPE.RECEIVE_MESSAGE - comment)'
[11:27:48] [INFO] testing 'MySQL >= 5.0.12 AND time-based blind (query SLEEP)'
[11:27:48] [INFO] testing 'PostgreSQL > 8.1 AND time-based blind'
[11:27:48] [INFO] testing 'Microsoft SQL Server/Sybase time-based blind (IF)'
[11:27:48] [INFO] testing 'Oracle AND time-based blind'
it is recommended to perform only basic UNION tests if there is not at least one other (potential) technique found. Do you want to reduce the number of requests? [Y/n] Y
[11:27:48] [INFO] testing 'Generic UNION query (NULL) - 1 to 10 columns'
[11:27:48] [WARNING] URI parameter '#1*' does not seem to be injectable
[11:27:48] [CRITICAL] all tested parameters do not appear to be injectable. Try to increase values for '--level'/'--risk' options if you wish to perform more tests. If you suspect that there is some kind of protection mechanism involved (e.g. WAF) maybe you could try to use option '--tamper' (e.g. '--tamper=space2comment') and/or switch '--random-agent'
[11:27:48] [WARNING] HTTP error codes detected during run:
404 (Not Found) - 73 times

[*] ending @ 11:27:48 /2024-10-07/

"
URL Tracking,2024-10-07 11:50:50,http://127.0.0.1:5000/
SQLMap,2024-10-07 11:50:54,"        ___
       __H__
 ___ ___[)]_____ ___ ___  {1.8.9.1#dev}
|_ -| . [,]     | .'| . |
|___|_  [""]_|_|_|__,|  _|
      |_|V...       |_|   https://sqlmap.org

[!] legal disclaimer: Usage of sqlmap for attacking targets without prior mutual consent is illegal. It is the end user's responsibility to obey all applicable local, state and federal laws. Developers assume no liability and are not responsible for any misuse or damage caused by this program

[*] starting @ 11:50:53 /2024-10-07/

[11:50:53] [WARNING] using 'C:\Users\udgir\OneDrive\Documents\GitHub\ISRO-UserBehaviourAnalysis\sqlmap_results' as the output directory
[11:50:53] [INFO] testing connection to the target URL
[11:50:53] [INFO] checking if the target is protected by some kind of WAF/IPS
[11:50:54] [INFO] testing if the target URL content is stable
[11:50:54] [INFO] target URL content is stable
[11:50:54] [CRITICAL] no parameter(s) found for testing in the provided data (e.g. GET parameter 'id' in 'www.site.com/index.php?id=1'). You are advised to rerun with '--crawl=2'

[*] ending @ 11:50:54 /2024-10-07/

"
URL Tracking,2024-10-07 11:53:18,http://127.0.0.1:5000/
SQLMap,2024-10-07 11:53:22,"        ___
       __H__
 ___ ___[)]_____ ___ ___  {1.8.9.1#dev}
|_ -| . [""]     | .'| . |
|___|_  [,]_|_|_|__,|  _|
      |_|V...       |_|   https://sqlmap.org

[!] legal disclaimer: Usage of sqlmap for attacking targets without prior mutual consent is illegal. It is the end user's responsibility to obey all applicable local, state and federal laws. Developers assume no liability and are not responsible for any misuse or damage caused by this program

[*] starting @ 11:53:21 /2024-10-07/

[11:53:21] [WARNING] using 'C:\Users\udgir\OneDrive\Documents\GitHub\ISRO-UserBehaviourAnalysis\sqlmap_results' as the output directory
do you want to check for the existence of site's sitemap(.xml) [y/N] N
[11:53:21] [INFO] starting crawler for target URL 'http://127.0.0.1:5000/'
[11:53:21] [INFO] searching for links with depth 1
[11:53:21] [INFO] searching for links with depth 2
please enter number of threads? [Enter for 1 (current)] 1
[11:53:21] [WARNING] running in a single-thread mode. This could take a while
[11:53:22] [WARNING] no usable links found (with GET parameters)

[*] ending @ 11:53:22 /2024-10-07/

"
SQLMap,2024-10-07 11:58:27,"        ___
       __H__
 ___ ___[.]_____ ___ ___  {1.8.9.1#dev}
|_ -| . [,]     | .'| . |
|___|_  [,]_|_|_|__,|  _|
      |_|V...       |_|   https://sqlmap.org

[!] legal disclaimer: Usage of sqlmap for attacking targets without prior mutual consent is illegal. It is the end user's responsibility to obey all applicable local, state and federal laws. Developers assume no liability and are not responsible for any misuse or damage caused by this program

[*] starting @ 11:58:26 /2024-10-07/

[11:58:26] [WARNING] using 'C:\Users\udgir\OneDrive\Documents\GitHub\ISRO-UserBehaviourAnalysis\sqlmap_results' as the output directory
do you want to check for the existence of site's sitemap(.xml) [y/N] N
[11:58:26] [INFO] starting crawler for target URL 'http://127.0.0.1:5000/'
[11:58:26] [INFO] searching for links with depth 1
[11:58:26] [INFO] searching for links with depth 2
please enter number of threads? [Enter for 1 (current)] 1
[11:58:26] [WARNING] running in a single-thread mode. This could take a while
[11:58:27] [WARNING] no usable links found (with GET parameters)

[*] ending @ 11:58:27 /2024-10-07/

"
URL Tracking,2024-10-07 12:03:23,http://127.0.0.1:5000/
SQLMap,2024-10-07 12:03:28,"        ___
       __H__
 ___ ___[']_____ ___ ___  {1.8.9.1#dev}
|_ -| . [""]     | .'| . |
|___|_  [(]_|_|_|__,|  _|
      |_|V...       |_|   https://sqlmap.org

[!] legal disclaimer: Usage of sqlmap for attacking targets without prior mutual consent is illegal. It is the end user's responsibility to obey all applicable local, state and federal laws. Developers assume no liability and are not responsible for any misuse or damage caused by this program

[*] starting @ 12:03:27 /2024-10-07/

[12:03:27] [WARNING] using 'C:\Users\udgir\OneDrive\Documents\GitHub\ISRO-UserBehaviourAnalysis\sqlmap_results' as the output directory
do you want to check for the existence of site's sitemap(.xml) [y/N] N
[12:03:27] [INFO] starting crawler for target URL 'http://127.0.0.1:5000/'
[12:03:27] [INFO] searching for links with depth 1
[12:03:27] [INFO] searching for links with depth 2
please enter number of threads? [Enter for 1 (current)] 1
[12:03:27] [WARNING] running in a single-thread mode. This could take a while
[12:03:28] [WARNING] no usable links found (with GET parameters)

[*] ending @ 12:03:28 /2024-10-07/

"
URL Tracking,2024-10-07 12:04:32,http://127.0.0.1:5000/
SQLMap,2024-10-07 12:04:37,"        ___
       __H__
 ___ ___[""]_____ ___ ___  {1.8.9.1#dev}
|_ -| . [']     | .'| . |
|___|_  [.]_|_|_|__,|  _|
      |_|V...       |_|   https://sqlmap.org

[!] legal disclaimer: Usage of sqlmap for attacking targets without prior mutual consent is illegal. It is the end user's responsibility to obey all applicable local, state and federal laws. Developers assume no liability and are not responsible for any misuse or damage caused by this program

[*] starting @ 12:04:36 /2024-10-07/

[12:04:36] [WARNING] using 'C:\Users\udgir\OneDrive\Documents\GitHub\ISRO-UserBehaviourAnalysis\sqlmap_results' as the output directory
do you want to check for the existence of site's sitemap(.xml) [y/N] N
[12:04:36] [INFO] starting crawler for target URL 'http://127.0.0.1:5000/'
[12:04:36] [INFO] searching for links with depth 1
[12:04:36] [INFO] searching for links with depth 2
please enter number of threads? [Enter for 1 (current)] 1
[12:04:36] [WARNING] running in a single-thread mode. This could take a while
[12:04:36] [WARNING] no usable links found (with GET parameters)

[*] ending @ 12:04:37 /2024-10-07/

"
URL Tracking,2024-10-07 12:07:42,http://127.0.0.1:5000/
SQLMap,2024-10-07 12:07:47,"        ___
       __H__
 ___ ___[""]_____ ___ ___  {1.8.9.1#dev}
|_ -| . [(]     | .'| . |
|___|_  [.]_|_|_|__,|  _|
      |_|V...       |_|   https://sqlmap.org

[!] legal disclaimer: Usage of sqlmap for attacking targets without prior mutual consent is illegal. It is the end user's responsibility to obey all applicable local, state and federal laws. Developers assume no liability and are not responsible for any misuse or damage caused by this program

[*] starting @ 12:07:46 /2024-10-07/

[12:07:46] [WARNING] using 'C:\Users\udgir\OneDrive\Documents\GitHub\ISRO-UserBehaviourAnalysis\sqlmap_results' as the output directory
do you want to check for the existence of site's sitemap(.xml) [y/N] N
[12:07:46] [INFO] starting crawler for target URL 'http://127.0.0.1:5000/'
[12:07:46] [INFO] searching for links with depth 1
[12:07:46] [INFO] searching for links with depth 2
please enter number of threads? [Enter for 1 (current)] 1
[12:07:46] [WARNING] running in a single-thread mode. This could take a while
[12:07:46] [WARNING] no usable links found (with GET parameters)

[*] ending @ 12:07:47 /2024-10-07/

"
SQLMap,2024-10-07 12:12:51,"        ___
       __H__
 ___ ___[)]_____ ___ ___  {1.8.9.1#dev}
|_ -| . [(]     | .'| . |
|___|_  [.]_|_|_|__,|  _|
      |_|V...       |_|   https://sqlmap.org

[!] legal disclaimer: Usage of sqlmap for attacking targets without prior mutual consent is illegal. It is the end user's responsibility to obey all applicable local, state and federal laws. Developers assume no liability and are not responsible for any misuse or damage caused by this program

[*] starting @ 12:12:50 /2024-10-07/

[12:12:50] [WARNING] using 'C:\Users\udgir\OneDrive\Documents\GitHub\ISRO-UserBehaviourAnalysis\sqlmap_results' as the output directory
do you want to check for the existence of site's sitemap(.xml) [y/N] N
[12:12:50] [INFO] starting crawler for target URL 'http://127.0.0.1:5000/'
[12:12:50] [INFO] searching for links with depth 1
[12:12:50] [INFO] searching for links with depth 2
please enter number of threads? [Enter for 1 (current)] 1
[12:12:50] [WARNING] running in a single-thread mode. This could take a while
[12:12:51] [WARNING] no usable links found (with GET parameters)

[*] ending @ 12:12:51 /2024-10-07/

"
